<?xml version="1.0" encoding="UTF-8" standalone="yes"?><history><sql date="1470954483092" url="jdbc:oracle:thin:@//db-11dn:1532/JMS">INSERT INTO SAT_CAT_OWNER.RAW_METRIC_OBS (RAW_METRIC_OBS_UUID, CLASSIFICATION_MARKING, SENSOR_NUMBER, "SOURCE", ORIGINAL_MSG_TYPE, RPT_INDICATOR, SAT_NO,
 STATION_ID, STAGED_FLAG, OBSERVATION_TYPE, OBSERVATION_TS, MESSAGE_ID, EXTERNAL_MESSAGE_ID, METRIC_OBSERVATION, ORIGINAL_OBS_MSG, TRACK_ID, UPDATE_DATE, 
UPDATE_ORIGIN, CREATE_DATE, CREATE_ORIGIN, VERSION) 
	VALUES (
'zzzf514d5cb6444481935d5c3cdc261b', 'U', 399, 'SPADOC', 'B3Obs', 'one_of_track', 5, '399', 1, 2, '2006-06-28 01:32:16.585', 
'zzz08024e9e140c99e3c519d55c841ce', NULL, 
'&lt;cs3:MetricObservation xmlns:cs3="http://www.C2SSA.gov/C2SSADomain/JMS/CS3/v4" xmlns:ism="urn:us:gov:ic:ism" ism:classification="U" ism:ownerProducer="USA" reportIndicator="one_of_track"&gt;&lt;ctyp:Time xmlns:ctyp="http://www.C2SSA.gov/C2SSADomain/Common/Types/v3"&gt;2006-06-28T01:32:16.585Z&lt;/ctyp:Time&gt;&lt;ctyp:Type2 xmlns:ctyp="http://www.C2SSA.gov/C2SSADomain/Common/Types/v3"&gt;&lt;ctyp:Azimuth uom="rad"&gt;6.1440913387333325&lt;/ctyp:Azimuth&gt;&lt;ctyp:Elevation uom="rad"&gt;1.3243634444166665&lt;/ctyp:Elevation&gt;&lt;ctyp:Range uom="km"&gt;780.1176&lt;/ctyp:Range&gt;&lt;/ctyp:Type2&gt;&lt;cs3:StationNumber&gt;399&lt;/cs3:StationNumber&gt;&lt;cs3:StationID ism:classification="U" codespace="http://www.C2SSA.gov/C2SSADomain/JMS/Common/CodeList/SystemSubsystemID/1.0.0http://www.C2SSA.gov/C2SSADomain/JMS/Common/CodeList/SensorID/3.0.0" ism:ownerProducer="USA"&gt;399&lt;/cs3:StationID&gt;&lt;cs3:SatelliteNumber&gt;5&lt;/cs3:SatelliteNumber&gt;&lt;/cs3:MetricObservation&gt;', 
NULL, NULL, NULL, NULL, '2016-08-11 22:00:11.307', 'freddy.bass.jms', 1)</sql><sql date="1470945417561" url="jdbc:oracle:thin:@//db-11dn:1532/JMS">SELECT rmo.STAGED_FLAG, rmo.ORIGINAL_MSG_TYPE, rmo.RAW_METRIC_OBS_UUID FROM SAT_CAT_OWNER.RAW_METRIC_OBS rmo</sql><sql date="1470954680070" url="jdbc:oracle:thin:@//db-11dn:1532/JMS">SELECT rmo.STAGED_FLAG, rmo.ORIGINAL_MSG_TYPE, rmo.CREATE_DATE, rmo.RAW_METRIC_OBS_UUID FROM SAT_CAT_OWNER.RAW_METRIC_OBS rmo ORDER BY rmo.CREATE_DATE DESC</sql><sql date="1471384239600" url="jdbc:oracle:thin:@//db-11dn:1532/JMS">INSERT INTO SAT_CAT_OWNER.TRUSTED_SOURCE (CONTACT_UUID, CLASSIFICATION_MARKING, SOURCE_ENABLED, GP_ENABLED, SP_ENABLED, OBS_ENABLED, EPHEM_ENABLED, RSO_CANDIDATE_ENABLED, GP_INGEST_LEVEL, UPDATE_DATE, UPDATE_ORIGIN, CREATE_DATE, CREATE_ORIGIN, VERSION) 
	VALUES ('gangplank', 'U', 1, 1, 1, 1, 0, 1, 'FULL', NULL, NULL, '2016-07-20 19:31:19.139', 'gangplank', 0)</sql><sql date="1470949208669" url="jdbc:oracle:thin:@//db-11dn:1532/JMS">SELECT * FROM SAT_CAT_OWNER.CONTACT con where con.CONTACT_NAME like 'freddy%'</sql><sql date="1471384269152" url="jdbc:oracle:thin:@//db-11dn:1532/JMS">SELECT * FROM SAT_CAT_OWNER.CONTACT where CONTACT_NAME like 'fred%'</sql><sql date="1470949118113" url="jdbc:oracle:thin:@//db-11dn:1532/JMS">SELECT * FROM SAT_CAT_OWNER.CONTACT con where con.CONTACT_NAME like 'freddy%'

INSERT INTO SAT_CAT_OWNER."CONTACT con" (CONTACT_UUID, CLASSIFICATION_MARKING, COUNTRY_CODE, CONTACT_NAME, CONTACT_POSITION, CONTACT_ORGANIZATION, CONTACT_PHONE, CONTACT_EMAIL, CONTACT_WEBSITE, CONTACT_INFO, ENGLISH_SPEAKING_FLAG, UPDATE_DATE, UPDATE_ORIGIN, CREATE_DATE, CREATE_ORIGIN, VERSION, CONTACT_ALT_ID) 
	VALUES ('ee746bd6b00d4858844f06de95fa8cc3', 'U//FOUO', 'US', 'freddy.bass.jms', NULL, NULL, NULL, NULL, NULL, 'freddy.bass.jms@issinc.com', 1, NULL, NULL, '2016-08-09 19:39:52.804', 'auth', 0, 'freddy.bass.jms')</sql><sql date="1470952033184" url="jdbc:oracle:thin:@//db-11dn:1532/JMS">SELECT rmo.STAGED_FLAG, rmo.ORIGINAL_MSG_TYPE, rmo.CREATE_DATE FROM SAT_CAT_OWNER.RAW_METRIC_OBS rmo</sql><sql date="1470951944485" url="jdbc:oracle:thin:@//db-11dn:1532/JMS">SELECT rmo.STAGED_FLAG FROM SAT_CAT_OWNER.RAW_METRIC_OBS rmo where rmo.ORIGINAL_MSG_TYPE = 'B3Obs'</sql><sql date="1470952068356" url="jdbc:oracle:thin:@//db-11dn:1532/JMS">SELECT rmo.STAGED_FLAG, rmo.ORIGINAL_MSG_TYPE, rmo.CREATE_DATE FROM SAT_CAT_OWNER.RAW_METRIC_OBS rmo ORDER BY rmo.CREATE_DATE DESC</sql><sql date="1470857657713" url="jdbc:oracle:thin:@//db-11dn:1532/JMS">describe SAT_CAT_OWNER.TRUSTED_SOURCE</sql><sql date="1470953532645" url="jdbc:oracle:thin:@//db-11dn:1532/JMS">INSERT INTO SAT_CAT_OWNER.RAW_METRIC_OBS (CLASSIFICATION_MARKING, STAGED_FLAG, ORIGINAL_MSG_TYPE, CREATE_DATE, RAW_METRIC_OBS_UUID) VALUES ('U', 1, 'B3Obs', to_timestamp('2016-AUG-11 22:00:11', 'YYYY-MON-RR HH24:MI:SS'), 'zzz8449b80b34197bbe54c94d737dzzz')</sql><sql date="1470952912192" url="jdbc:oracle:thin:@//db-11dn:1532/JMS">INSERT INTO SAT_CAT_OWNER.RAW_METRIC_OBS (STAGED_FLAG, ORIGINAL_MSG_TYPE, CREATE_DATE, RAW_METRIC_OBS_UUID) VALUES (1, 'B3Obs', '2016-08-11 22:00:11.328', 'zzz8449b80b34197bbe54c94d737dzzz')</sql><sql date="1471384247903" url="jdbc:oracle:thin:@//db-11dn:1532/JMS">SELECT * FROM SAT_CAT_OWNER.TRUSTED_SOURCE
SELECT * FROM SAT_CAT_OWNER.CONTACT where CONTACT_NAME like 'fred%'</sql><sql date="1471384417006" url="jdbc:oracle:thin:@//db-11dn:1532/JMS">SELECT * FROM SAT_CAT_OWNER.RAW_METRIC_OBS</sql><sql date="1470788269031" url="jdbc:oracle:thin:@//db-11dn:1532/JMS">SELECT * FROM SAT_CAT_OWNER.RAW_METRIC_OBS
SELECT rmo.STAGED_FLAG FROM SAT_CAT_OWNER.RAW_METRIC_OBS rmo where rmo.ORIGINAL_MSG_TYPE = 'B3Obs'</sql><sql date="1471384122782" url="jdbc:oracle:thin:@//db-11dn:1532/JMS">SELECT * FROM SAT_CAT_OWNER.CONTACT</sql><sql date="1470950319574" url="jdbc:oracle:thin:@//db-11dn:1532/JMS">SELECT * FROM SAT_CAT_OWNER.CONTACT con where con.CONTACT_NAME like '%freddy%'</sql><sql date="1471016372450" url="jdbc:oracle:thin:@//db-11dn:1532/JMS">SELECT SYSTIMESTAMP FROM DUAL</sql><sql date="1470945362649" url="jdbc:oracle:thin:@//db-11dn:1532/JMS">SELECT rmo.RAW_METRIC_OBS_UUID, rmo.ORIGINAL_MSG_TYPE, rmo.STAGED_FLAG FROM SAT_CAT_OWNER.RAW_METRIC_OBS rmo</sql><sql date="1471384470892" url="jdbc:oracle:thin:@//db-11dn:1532/JMS">SELECT * FROM SAT_CAT_OWNER.RAW_METRIC_OBS order by CREATE_DATE desc</sql><sql date="1470954518256" url="jdbc:oracle:thin:@//db-11dn:1532/JMS">INSERT INTO SAT_CAT_OWNER.RAW_METRIC_OBS (RAW_METRIC_OBS_UUID, CLASSIFICATION_MARKING, SENSOR_NUMBER, "SOURCE", ORIGINAL_MSG_TYPE, RPT_INDICATOR, SAT_NO,
 STATION_ID, STAGED_FLAG, OBSERVATION_TYPE, OBSERVATION_TS, MESSAGE_ID, EXTERNAL_MESSAGE_ID, METRIC_OBSERVATION, ORIGINAL_OBS_MSG, TRACK_ID, UPDATE_DATE, 
UPDATE_ORIGIN, CREATE_DATE, CREATE_ORIGIN, VERSION) 
	VALUES (
'zzzf514d5cb6444481935d5c3cdc261b', 'U', 399, 'SPADOC', 'B3Obs', 'one_of_track', 5, '399', 1, 2, '2006-06-28 01:32:16.585', 
'zzz08024e9e140c99e3c519d55c841ce', NULL, 
'&lt;cs3:MetricObservation xmlns:cs3="http://www.C2SSA.gov/C2SSADomain/JMS/CS3/v4" xmlns:ism="urn:us:gov:ic:ism" ism:classification="U" ism:ownerProducer="USA" reportIndicator="one_of_track"&gt;&lt;ctyp:Time xmlns:ctyp="http://www.C2SSA.gov/C2SSADomain/Common/Types/v3"&gt;2006-06-28T01:32:16.585Z&lt;/ctyp:Time&gt;&lt;ctyp:Type2 xmlns:ctyp="http://www.C2SSA.gov/C2SSADomain/Common/Types/v3"&gt;&lt;ctyp:Azimuth uom="rad"&gt;6.1440913387333325&lt;/ctyp:Azimuth&gt;&lt;ctyp:Elevation uom="rad"&gt;1.3243634444166665&lt;/ctyp:Elevation&gt;&lt;ctyp:Range uom="km"&gt;780.1176&lt;/ctyp:Range&gt;&lt;/ctyp:Type2&gt;&lt;cs3:StationNumber&gt;399&lt;/cs3:StationNumber&gt;&lt;cs3:StationID ism:classification="U" codespace="http://www.C2SSA.gov/C2SSADomain/JMS/Common/CodeList/SystemSubsystemID/1.0.0http://www.C2SSA.gov/C2SSADomain/JMS/Common/CodeList/SensorID/3.0.0" ism:ownerProducer="USA"&gt;399&lt;/cs3:StationID&gt;&lt;cs3:SatelliteNumber&gt;5&lt;/cs3:SatelliteNumber&gt;&lt;/cs3:MetricObservation&gt;', 
NULL, NULL, NULL, NULL, systimestamp, 'freddy.bass.jms', 1)</sql><sql date="1470945451187" url="jdbc:oracle:thin:@//db-11dn:1532/JMS">SELECT rmo.STAGED_FLAG, rmo.ORIGINAL_MSG_TYPE, rmo."SOURCE" , rmo.RAW_METRIC_OBS_UUID FROM SAT_CAT_OWNER.RAW_METRIC_OBS rmo</sql><sql date="1470953588712" url="jdbc:oracle:thin:@//db-11dn:1532/JMS">INSERT INTO SAT_CAT_OWNER.RAW_METRIC_OBS ("SOURCE", SENSOR_NUMBER, CLASSIFICATION_MARKING, STAGED_FLAG, ORIGINAL_MSG_TYPE, CREATE_DATE, RAW_METRIC_OBS_UUID) VALUES ('SPADOC', 1234, 'U', 1, 'B3Obs', to_timestamp('2016-AUG-11 22:00:11', 'YYYY-MON-RR HH24:MI:SS'), 'zzz8449b80b34197bbe54c94d737dzzz')</sql><sql date="1470953479243" url="jdbc:oracle:thin:@//db-11dn:1532/JMS">SELECT SENSOR_NUMBER FROM SAT_CAT_OWNER.RAW_METRIC_OBS</sql><sql date="1471384297949" url="jdbc:oracle:thin:@//db-11dn:1532/JMS">SELECT * FROM SAT_CAT_OWNER.TRUSTED_SOURCE</sql><sql date="1471022652317" url="jdbc:oracle:thin:@//db-11dn:1532/JMS">SELECT * FROM SAT_CAT_OWNER.RAW_METRIC_OBS ORDER BY RAW_METRIC_OBS_UUID DESC</sql><sql date="1470954551129" url="jdbc:oracle:thin:@//db-11dn:1532/JMS">INSERT INTO SAT_CAT_OWNER.RAW_METRIC_OBS (RAW_METRIC_OBS_UUID, CLASSIFICATION_MARKING, SENSOR_NUMBER, "SOURCE", ORIGINAL_MSG_TYPE, RPT_INDICATOR, SAT_NO,
 STATION_ID, STAGED_FLAG, OBSERVATION_TYPE, OBSERVATION_TS, MESSAGE_ID, EXTERNAL_MESSAGE_ID, METRIC_OBSERVATION, ORIGINAL_OBS_MSG, TRACK_ID, UPDATE_DATE, 
UPDATE_ORIGIN, CREATE_DATE, CREATE_ORIGIN, VERSION) 
	VALUES (
'zzzf514d5cb6444481935d5c3cdc261b', 'U', 399, 'SPADOC', 'B3Obs', 'one_of_track', 5, '399', 1, 2, systimestamp, 
'zzz08024e9e140c99e3c519d55c841ce', NULL, 
'&lt;cs3:MetricObservation xmlns:cs3="http://www.C2SSA.gov/C2SSADomain/JMS/CS3/v4" xmlns:ism="urn:us:gov:ic:ism" ism:classification="U" ism:ownerProducer="USA" reportIndicator="one_of_track"&gt;&lt;ctyp:Time xmlns:ctyp="http://www.C2SSA.gov/C2SSADomain/Common/Types/v3"&gt;2006-06-28T01:32:16.585Z&lt;/ctyp:Time&gt;&lt;ctyp:Type2 xmlns:ctyp="http://www.C2SSA.gov/C2SSADomain/Common/Types/v3"&gt;&lt;ctyp:Azimuth uom="rad"&gt;6.1440913387333325&lt;/ctyp:Azimuth&gt;&lt;ctyp:Elevation uom="rad"&gt;1.3243634444166665&lt;/ctyp:Elevation&gt;&lt;ctyp:Range uom="km"&gt;780.1176&lt;/ctyp:Range&gt;&lt;/ctyp:Type2&gt;&lt;cs3:StationNumber&gt;399&lt;/cs3:StationNumber&gt;&lt;cs3:StationID ism:classification="U" codespace="http://www.C2SSA.gov/C2SSADomain/JMS/Common/CodeList/SystemSubsystemID/1.0.0http://www.C2SSA.gov/C2SSADomain/JMS/Common/CodeList/SensorID/3.0.0" ism:ownerProducer="USA"&gt;399&lt;/cs3:StationID&gt;&lt;cs3:SatelliteNumber&gt;5&lt;/cs3:SatelliteNumber&gt;&lt;/cs3:MetricObservation&gt;', 
NULL, NULL, NULL, NULL, systimestamp, 'freddy.bass.jms', 1)</sql><sql date="1470788232632" url="jdbc:oracle:thin:@//db-11dn:1532/JMS">SELECT rmo.STAGED_FLAG FROM SAT_CAT_OWNER.RAW_METRIC_OBS
SELECT rmo.STAGED_FLAG FROM SAT_CAT_OWNER.RAW_METRIC_OBS rmo where rmo.ORIGINAL_MSG_TYPE = 'B3Obs'</sql><sql date="1470945388154" url="jdbc:oracle:thin:@//db-11dn:1532/JMS">SELECT rmo.STAGED_FLAG, rmo.RAW_METRIC_OBS_UUID, rmo.ORIGINAL_MSG_TYPE FROM SAT_CAT_OWNER.RAW_METRIC_OBS rmo</sql><sql date="1470952882670" url="jdbc:oracle:thin:@//db-11dn:1532/JMS">INSERT INTO SAT_CAT_OWNER."RAW_METRIC_OBS rmo" (STAGED_FLAG, ORIGINAL_MSG_TYPE, CREATE_DATE, RAW_METRIC_OBS_UUID) VALUES (1, 'B3Obs', '2016-08-11 22:00:11.328', 'zzz8449b80b34197bbe54c94d737dzzz')</sql><sql date="1470953390908" url="jdbc:oracle:thin:@//db-11dn:1532/JMS">INSERT INTO SAT_CAT_OWNER.RAW_METRIC_OBS (STAGED_FLAG, ORIGINAL_MSG_TYPE, CREATE_DATE, RAW_METRIC_OBS_UUID) VALUES (1, 'B3Obs', to_timestamp('2016-AUG-11 22:00:11', 'YYYY-MON-RR HH24:MI:SS'), 'zzz8449b80b34197bbe54c94d737dzzz')</sql><sql date="1470952004835" url="jdbc:oracle:thin:@//db-11dn:1532/JMS">SELECT rmo.STAGED_FLAG, rmo.ORIGINAL_MSG_TYPE, rmo.ORIGINAL_MSG_TYPE FROM SAT_CAT_OWNER.RAW_METRIC_OBS rmo</sql><sql date="1470952021824" url="jdbc:oracle:thin:@//db-11dn:1532/JMS">N</sql><sql date="1470948329958" url="jdbc:oracle:thin:@//db-11dn:1532/JMS">SELECT rmo.STAGED_FLAG, rmo.ORIGINAL_MSG_TYPE, rmo.CREATE_DATE , rmo.RAW_METRIC_OBS_UUID FROM SAT_CAT_OWNER.RAW_METRIC_OBS rmo</sql><sql date="1471034104625" url="jdbc:oracle:thin:@//db-11dn:1532/JMS">select * from SAT_CAT_OWNER.RAW_METRIC_OBS where RAW_METRIC_OBS_UUID</sql><sql date="1470945539356" url="jdbc:oracle:thin:@//db-11dn:1532/JMS">SELECT * FROM SAT_CAT_OWNER.CONTACTS</sql><sql date="1470953559419" url="jdbc:oracle:thin:@//db-11dn:1532/JMS">INSERT INTO SAT_CAT_OWNER.RAW_METRIC_OBS (SENSOR_NUMBER, CLASSIFICATION_MARKING, STAGED_FLAG, ORIGINAL_MSG_TYPE, CREATE_DATE, RAW_METRIC_OBS_UUID) VALUES (1234, 'U', 1, 'B3Obs', to_timestamp('2016-AUG-11 22:00:11', 'YYYY-MON-RR HH24:MI:SS'), 'zzz8449b80b34197bbe54c94d737dzzz')</sql><sql date="1470951995287" url="jdbc:oracle:thin:@//db-11dn:1532/JMS">SELECT rmo.STAGED_FLAG, rmo.ORIGINAL_MSG_TYPE, rmo.ORIGINAL_MSG_TYPE FROM SAT_CAT_OWNER.RAW_METRIC_OBS rmo where rmo.ORIGINAL_MSG_TYPE = 'B3Obs'</sql><sql date="1471385292741" url="jdbc:oracle:thin:@//db-11dn:1532/JMS">SELECT * FROM SAT_CAT_OWNER.CONTACT where CONTACT_NAME like 'sf'</sql><sql date="1470948329997" url="jdbc:oracle:thin:@//db-11dn:1532/JMS">SELECT * FROM SAT_CAT_OWNER.TRUSTED_SOURCE where 1 = 2</sql><sql date="1470949849756" url="jdbc:oracle:thin:@//db-11dn:1532/JMS">INSERT INTO SAT_CAT_OWNER."CONTACT con" (CONTACT_UUID, CLASSIFICATION_MARKING, COUNTRY_CODE, CONTACT_NAME, CONTACT_POSITION, CONTACT_ORGANIZATION, CONTACT_PHONE, CONTACT_EMAIL, CONTACT_WEBSITE, CONTACT_INFO, ENGLISH_SPEAKING_FLAG, UPDATE_DATE, UPDATE_ORIGIN, CREATE_DATE, CREATE_ORIGIN, VERSION, CONTACT_ALT_ID) 
	VALUES ('ee746bd6b00d4858844f06de95fa8cc3', 'U//FOUO', 'US', 'freddy.bass.jms', NULL, NULL, NULL, NULL, NULL, 'freddy.bass.jms@issinc.com', 1, NULL, NULL, '2016-08-09 19:39:52.804', 'auth', 0, 'freddy.bass.jms')</sql><sql date="1470952954236" url="jdbc:oracle:thin:@//db-11dn:1532/JMS">INSERT INTO SAT_CAT_OWNER.RAW_METRIC_OBS (STAGED_FLAG, ORIGINAL_MSG_TYPE, CREATE_DATE, RAW_METRIC_OBS_UUID) VALUES (1, 'B3Obs', '2016-08-11 22:00:11', 'zzz8449b80b34197bbe54c94d737dzzz')</sql></history>