<?xml version="1.0" encoding="UTF-8"?>
<!DOCTYPE codetemplates PUBLIC "-//NetBeans//DTD Editor Code Templates settings 1.0//EN" "http://www.netbeans.org/dtds/EditorCodeTemplates-1_0.dtd">
<codetemplates>
    <codetemplate abbreviation="iff" contexts="BLOCK,CASE,LABELED_STATEMENT,DO_WHILE_LOOP,ENHANCED_FOR_LOOP,FOR_LOOP,IF,WHILE_LOOP,LAMBDA_EXPRESSION" xml:space="preserve">
        <code><![CDATA[if (${EXP instanceof="boolean" default="true"}) 
{
${selection}${cursor}
}
]]></code>
        <description><![CDATA[if (<b>exp</b>) { ...| }]]></description>
    </codetemplate>
    <codetemplate abbreviation="ife" xml:space="preserve">
        <code><![CDATA[if (${EXP instanceof="boolean" default="true"}) {
   ${cursor}
} 
else 
{
    
}
]]></code>
        <description><![CDATA[if (<b>exp</b>) { ...| } else { ... }]]></description>
    </codetemplate>
    <codetemplate abbreviation="jaxbm" xml:space="preserve">
        <code><![CDATA[try {            
                javax.xml.bind.JAXBContext jaxbCtx= javax.xml.bind.JAXBContext.newInstance( ${OBJ2M instanceof="java.lang.Object" default="obj2BMarshalled"}.getClass().getPackage().getName());
                javax.xml.bind.Marshaller marshaller = jaxbCtx.createMarshaller();
                marshaller.setProperty(javax.xml.bind.Marshaller.JAXB_ENCODING, "UTF-8"); //NOI18N
                marshaller.setProperty(javax.xml.bind.Marshaller.JAXB_FORMATTED_OUTPUT, Boolean.TRUE);
                marshaller.marshal(${OBJ2M} , System.out);
            } catch (javax.xml.bind.JAXBException ex) {
                // XXXTODO Handle exception
                java.util.logging.Logger.getLogger("global").log(java.util.logging.Level.SEVERE, null, ex); //NOI18N
        }]]></code>
        <description><![CDATA[Sample template to marshal JAXB objects.]]></description>
    </codetemplate>
    <codetemplate abbreviation="if" xml:space="preserve">
        <code><![CDATA[if (${EXP instanceof="boolean" default="true"}) 
{
   ${cursor}
}
]]></code>
        <description><![CDATA[if (<b>exp</b>) { ...| }]]></description>
    </codetemplate>
    <codetemplate abbreviation="ifelse" contexts="BLOCK,CASE,LABELED_STATEMENT,DO_WHILE_LOOP,ENHANCED_FOR_LOOP,FOR_LOOP,IF,WHILE_LOOP,LAMBDA_EXPRESSION" xml:space="preserve">
        <code><![CDATA[if (${EXP instanceof="boolean" default="true"}) 
{
${selection}${cursor}
} 
else 
{
}
]]></code>
        <description><![CDATA[if (<b>exp</b>) { ...| } else { ... }]]></description>
    </codetemplate>
    <codetemplate abbreviation="jaxbu" xml:space="preserve">
        <code><![CDATA[
            try {
                javax.xml.bind.JAXBContext jaxbCtx = javax.xml.bind.JAXBContext.newInstance(${UM_OBJ instanceof="java.lang.Object" default="umObj"}.getClass().getPackage().getName());
                javax.xml.bind.Unmarshaller unmarshaller = jaxbCtx.createUnmarshaller();
                ${UM_OBJ} = ${TYPE_CAST cast default=""} unmarshaller.unmarshal(new java.io.File("File path")); //NOI18N
            } catch (javax.xml.bind.JAXBException ex) {
                // XXXTODO Handle exception
                java.util.logging.Logger.getLogger("global").log(java.util.logging.Level.SEVERE, null, ex); //NOI18N
            }
        ]]></code>
        <description><![CDATA[Sample template to unmarshal JAXB objects.]]></description>
    </codetemplate>
</codetemplates>
