<?xml version="1.0" encoding="UTF-8"?>
<!DOCTYPE editor-preferences PUBLIC "-//NetBeans//DTD Editor Preferences 1.0//EN" "http://www.netbeans.org/dtds/EditorPreferences-1_0.dtd">
<editor-preferences>
    <entry javaType="java.lang.String" name="classDeclBracePlacement" xml:space="preserve">
        <value><![CDATA[NEW_LINE]]></value>
    </entry>
    <entry javaType="java.lang.Boolean" name="code-folding-collapse-bundle-string" xml:space="preserve">
        <value><![CDATA[false]]></value>
    </entry>
    <entry javaType="java.lang.Boolean" name="code-folding-collapse-import" xml:space="preserve">
        <value><![CDATA[true]]></value>
    </entry>
    <entry javaType="java.lang.Boolean" name="code-folding-collapse-initial-comment" xml:space="preserve">
        <value><![CDATA[true]]></value>
    </entry>
    <entry javaType="java.lang.Boolean" name="code-folding-collapse-javadoc" xml:space="preserve">
        <value><![CDATA[true]]></value>
    </entry>
    <entry javaType="java.lang.Boolean" name="code-folding-content.preview" xml:space="preserve">
        <value><![CDATA[true]]></value>
    </entry>
    <entry javaType="java.lang.Boolean" name="code-folding-content.summary" xml:space="preserve">
        <value><![CDATA[true]]></value>
    </entry>
    <entry javaType="java.lang.Boolean" name="code-folding-use-defaults" xml:space="preserve">
        <value><![CDATA[false]]></value>
    </entry>
    <entry javaType="java.lang.String" name="methodDeclBracePlacement" xml:space="preserve">
        <value><![CDATA[NEW_LINE]]></value>
    </entry>
    <entry javaType="java.lang.String" name="on-save-reformat" xml:space="preserve">
        <value><![CDATA[never]]></value>
    </entry>
    <entry javaType="java.lang.String" name="on-save-remove-trailing-whitespace" xml:space="preserve">
        <value><![CDATA[never]]></value>
    </entry>
    <entry javaType="java.lang.Boolean" name="on-save.Imports_UNUSED" xml:space="preserve">
        <value><![CDATA[false]]></value>
    </entry>
    <entry javaType="java.lang.Boolean" name="on-save.org.netbeans.modules.java.hints.OrganizeImports" xml:space="preserve">
        <value><![CDATA[false]]></value>
    </entry>
    <entry javaType="java.lang.String" name="otherBracePlacement" xml:space="preserve">
        <value><![CDATA[NEW_LINE]]></value>
    </entry>
    <entry javaType="java.lang.Boolean" name="placeCatchOnNewLine" xml:space="preserve">
        <value><![CDATA[true]]></value>
    </entry>
    <entry javaType="java.lang.Boolean" name="placeElseOnNewLine" xml:space="preserve">
        <value><![CDATA[true]]></value>
    </entry>
    <entry javaType="java.lang.Boolean" name="placeFinallyOnNewLine" xml:space="preserve">
        <value><![CDATA[true]]></value>
    </entry>
    <entry javaType="java.lang.Boolean" name="placeWhileOnNewLine" xml:space="preserve">
        <value><![CDATA[true]]></value>
    </entry>
    <entry name="pair-characters-completion" remove="true"/>
    <entry name="show-deprecated-members" remove="true"/>
</editor-preferences>
