<?xml version="1.0" encoding="UTF-8" standalone="yes"?><history><sql date="1475612393980" url="jdbc:oracle:thin:@//db-11dn:1532/JMS">SELECT * FROM BULLPEN_OWNER.ADDR_BOOK_FILTER</sql><sql date="1475872009667" url="jdbc:oracle:thin:@//db-9dn:1532/JMS">select * from BULLPEN_OWNER.MSG_ADDR_BOOK where ADDR_UUID = 'd713cd778478427fa3fb03803f0c68d7'</sql><sql date="1489605003973" url="jdbc:oracle:thin:@//db-9dn:1532/JMS">SELECT * FROM SAT_CAT_OWNER.ASYNC_TASK WHERE TASK_NAME = 'SlrObsPersist' ORDER BY CREATE_DATE DESC</sql><sql date="1476303449457" url="jdbc:oracle:thin:@//db-9ct:1532/JMS">INSERT INTO BULLPEN_OWNER.ADDRESS (ADDR_NAME,ADDR_TYPE,LDAP_ID,URI,CREATE_ORIGIN,DESCRIPTION) VALUES ('asw.subscriber.jms','USER','ASW','bpjms:ASW_SUBSCRIBER?timeToLive=10000','JMS','ASW remote subscribers')</sql><sql date="1489678591935" url="jdbc:oracle:thin:@//db-11dn:1532/JMS">SELECT * FROM JMS_OWNER.QRTZ_JOB_DETAILS</sql><sql date="1489678455325" url="jdbc:oracle:thin:@//db-9dn:1532/JMS">SELECT * FROM JMS_OWNER.QRTZ_JOB_DETAILS</sql><sql date="1476298861319" url="jdbc:oracle:thin:@//db-9dn:1532/JMS">SELECT * FROM BULLPEN_OWNER.ADDRESS</sql><sql date="1475616199116" url="jdbc:oracle:thin:@//db-11dn:1532/JMS">SELECT * FROM BULLPEN_OWNER.ADDRESS</sql><sql date="1475009537240" url="jdbc:oracle:thin:@//db-11ct:1532/JMS">SELECT * FROM BULLPEN_OWNER.ADDRESS</sql><sql date="1474906577381" url="jdbc:oracle:thin:@//db-9ct:1532/JMS">SELECT * FROM BULLPEN_OWNER.ADDRESS</sql><sql date="1489790307140" url="jdbc:oracle:thin:@//db-9dn:1532/JMS">SELECT DISTINCT CREATE_ORIGIN FROM SAT_CAT_OWNER.SAT_LASER_RANGING_OBS</sql><sql date="1475614309199" url="jdbc:oracle:thin:@//db-11dn:1532/JMS">SELECT * FROM BULLPEN_OWNER.USERS</sql><sql date="1474906337178" url="jdbc:oracle:thin:@//db-9ct:1532/JMS">SELECT * FROM BULLPEN_OWNER.USERS</sql><sql date="1476207609045" url="jdbc:oracle:thin:@//db-9dn:1532/JMS">SELECT * FROM SAT_CAT_OWNER.SATELLITE where SAT_NO like '8000%' order by SAT_NO desc</sql><sql date="1475872045020" url="jdbc:oracle:thin:@//db-9dn:1532/JMS">select * from BULLPEN_OWNER.MSG_HIST_ADDR where ADDR_UUID = 'd713cd778478427fa3fb03803f0c68d7'</sql><sql date="1476396865959" url="jdbc:oracle:thin:@//db-9dn:1532/JMS">SELECT * FROM SAT_CAT_OWNER.GP_ELEMENTS</sql><sql date="1471384122782" url="jdbc:oracle:thin:@//db-11dn:1532/JMS">SELECT * FROM SAT_CAT_OWNER.CONTACT</sql><sql date="1489790385352" url="jdbc:oracle:thin:@//db-9dn:1532/JMS">SELECT count(*) FROM SAT_CAT_OWNER.SAT_LASER_RANGING_OBS where UPDATE_ORIGIN = 'satcat_admin.user'</sql><sql date="1471384297949" url="jdbc:oracle:thin:@//db-11dn:1532/JMS">SELECT * FROM SAT_CAT_OWNER.TRUSTED_SOURCE</sql><sql date="1475010477925" url="jdbc:oracle:thin:@//db-11dn:1532/JMS">SELECT * FROM BULLPEN_OWNER.USER_ROLE where LDAP_ID like 'freddy%'</sql><sql date="1489678773334" url="jdbc:oracle:thin:@//db-11dn:1532/JMS">SELECT * FROM JMS_OWNER.QRTZ_JOB_DETAILS ORDER BY JOB_GROUP ASC</sql><sql date="1475612345810" url="jdbc:oracle:thin:@//db-11dn:1532/JMS">SELECT * FROM BULLPEN_OWNER.ADDR_PROP</sql><sql date="1474921609305" url="jdbc:oracle:thin:@//db-9ct:1532/JMS">SELECT * FROM BULLPEN_OWNER.MSG_TYPE where MSG_TYPE like '%smtp%'</sql><sql date="1489605084837" url="jdbc:oracle:thin:@//db-9dn:1532/JMS">SELECT TASK_NAME, STATUS, ASYNC_TASK_UUID, ASYNC_TASK_GROUP_UUID, CREATE_DATE, UPDATE_DATE,  FROM SAT_CAT_OWNER.ASYNC_TASK WHERE TASK_NAME = 'SlrObsPersist' ORDER BY CREATE_DATE DESC</sql><sql date="1475615717955" url="jdbc:oracle:thin:@//db-11dn:1532/JMS">SELECT * FROM BULLPEN_OWNER.USERS where LDAP_ID like '%fred%'</sql><sql date="1475615040234" url="jdbc:oracle:thin:@//db-11dn:1532/JMS">SELECT * FROM BULLPEN_OWNER.ADDRESS order by CREATE_DATE desc</sql><sql date="1471384269152" url="jdbc:oracle:thin:@//db-11dn:1532/JMS">SELECT * FROM SAT_CAT_OWNER.CONTACT where CONTACT_NAME like 'fred%'</sql><sql date="1489773419640" url="jdbc:oracle:thin:@//db-9dn:1532/JMS">SELECT * FROM SAT_CAT_OWNER.ASYNC_TASK WHERE ROWNUM &lt;= 236</sql><sql date="1476404067834" url="jdbc:oracle:thin:@//db-9dn:1532/JMS">select * from SAT_CAT_OWNER.SATELLITE where SAT_NO = 800080003</sql><sql date="1475614392706" url="jdbc:oracle:thin:@//db-11dn:1532/JMS">SELECT * FROM BULLPEN_OWNER.ADDRESS order by CREATE_DATE asc</sql><sql date="1476301282325" url="jdbc:oracle:thin:@//db-9dn:1532/JMS">SELECT * FROM BULLPEN_OWNER.MSG_TYPE where MSG_TYPE like 'Async%'</sql><sql date="1474909665711" url="jdbc:oracle:thin:@//db-9ct:1532/JMS">SELECT URI FROM BULLPEN_OWNER.ADDRESS where ADDR_NAME like '%eventing%'</sql><sql date="1476207626763" url="jdbc:oracle:thin:@//db-9dn:1532/JMS">SELECT * FROM SAT_CAT_OWNER.SATELLITE where SAT_NO like '800089986%' order by SAT_NO desc</sql><sql date="1474927766531" url="jdbc:oracle:thin:@//db-11dn:1532/JMS">SELECT * FROM BULLPEN_OWNER.USERS where LDAP_ID = 'eventing.publisher'</sql><sql date="1489678810969" url="jdbc:oracle:thin:@//db-11dn:1532/JMS">SELECT * FROM JMS_OWNER.QRTZ_JOB_DETAILS ORDER BY JOB_NAME ASC</sql><sql date="1489790222394" url="jdbc:oracle:thin:@//db-9dn:1532/JMS">SELECT * FROM SAT_CAT_OWNER.SAT_LASER_RANGING_OBS ORDER BY CREATE_DATE ASC</sql><sql date="1476207467838" url="jdbc:oracle:thin:@//db-9dn:1532/JMS">SELECT * FROM SAT_CAT_OWNER.SATELLITE</sql><sql date="1476207593844" url="jdbc:oracle:thin:@//db-9dn:1532/JMS">SELECT * FROM SAT_CAT_OWNER.SATELLITE where SAT_NO like '800080003' order by SAT_NO desc</sql><sql date="1475010500198" url="jdbc:oracle:thin:@//db-11dn:1532/JMS">SELECT * FROM BULLPEN_OWNER.USER_PERMISSION where LDAP_ID like 'freddy%'</sql><sql date="1489618352205" url="jdbc:oracle:thin:@//db-9dn:1532/JMS">SELECT TASK_NAME, STATUS, ASYNC_TASK_UUID, ASYNC_TASK_GROUP_UUID, CREATE_DATE, UPDATE_DATE, EXPIRATION_TS, CALLBACK_CLASS  FROM SAT_CAT_OWNER.ASYNC_TASK WHERE TASK_NAME = 'SlrObsPersist' ORDER BY CREATE_DATE DESC</sql><sql date="1476208753457" url="jdbc:oracle:thin:@//db-9dn:1532/JMS">SELECT * FROM SAT_CAT_OWNER.SATELLITE where SAT_NO like '80008%' order by SAT_NO desc</sql><sql date="1476207540042" url="jdbc:oracle:thin:@//db-9dn:1532/JMS">SELECT * FROM SAT_CAT_OWNER.SATELLITE where SAT_NO like '800%' order by SAT_NO desc</sql><sql date="1475612667100" url="jdbc:oracle:thin:@//db-11dn:1532/JMS">SELECT * FROM BULLPEN_OWNER.USER_PERMISSION</sql><sql date="1474906411081" url="jdbc:oracle:thin:@//db-9ct:1532/JMS">SELECT * FROM BULLPEN_OWNER.USER_PERMISSION</sql><sql date="1476207508919" url="jdbc:oracle:thin:@//db-9dn:1532/JMS">SELECT * FROM SAT_CAT_OWNER.SATELLITE where SAT_NO like '800%'</sql><sql date="1475513365785" url="jdbc:oracle:thin:@//db-11dn:1532/JMS">SELECT * FROM BULLPEN_OWNER.USERS where LDAP_ID like 'freddy%'</sql><sql date="1475009658187" url="jdbc:oracle:thin:@//db-11ct:1532/JMS">SELECT * FROM BULLPEN_OWNER.USERS where LDAP_ID like 'freddy%'</sql><sql date="1475614300087" url="jdbc:oracle:thin:@//db-11dn:1532/JMS">SELECT * FROM BULLPEN_OWNER.ADDR_MSG_TYPE</sql><sql date="1475009591886" url="jdbc:oracle:thin:@//db-11ct:1532/JMS">SELECT * FROM BULLPEN_OWNER.ADDRESS where LDAP_ID like 'jon%'</sql><sql date="1476208761815" url="jdbc:oracle:thin:@//db-9dn:1532/JMS">SELECT * FROM SAT_CAT_OWNER.SATELLITE where SAT_NO like '80008000%' order by SAT_NO desc</sql><sql date="1476118205777" url="jdbc:oracle:thin:@//db-9dn:1532/JMS">SELECT * FROM BULLPEN_OWNER.ADDRESS where LDAP_ID like 'fredd%'</sql><sql date="1475612687983" url="jdbc:oracle:thin:@//db-11dn:1532/JMS">SELECT * FROM BULLPEN_OWNER.USER_PERMISSION where LDAP_ID like '%fred%'</sql><sql date="1489605175054" url="jdbc:oracle:thin:@//db-9dn:1532/JMS">SELECT TASK_NAME, STATUS, ASYNC_TASK_UUID, ASYNC_TASK_GROUP_UUID, CREATE_DATE, UPDATE_DATE  FROM SAT_CAT_OWNER.ASYNC_TASK WHERE TASK_NAME = 'SlrObsPersist' ORDER BY CREATE_DATE DESC</sql><sql date="1475612353461" url="jdbc:oracle:thin:@//db-11dn:1532/JMS">SELECT * FROM BULLPEN_OWNER.MSG_ADDR_BOOK</sql><sql date="1474906308805" url="jdbc:oracle:thin:@//db-9ct:1532/JMS">SELECT * FROM BULLPEN_OWNER.MSG_ADDR_BOOK</sql><sql date="1476479402612" url="jdbc:oracle:thin:@//db-9ct:1532/JMS">SELECT * FROM BULLPEN_OWNER.ADDRESS WHERE ROWNUM &lt;= 236</sql><sql date="1474921583660" url="jdbc:oracle:thin:@//db-9ct:1532/JMS">SELECT * FROM BULLPEN_OWNER.MSG_TYPE where MSG_TYPE = 'SMTPMsg'</sql><sql date="1475010363213" url="jdbc:oracle:thin:@//db-11dn:1532/JMS">SELECT * FROM BULLPEN_OWNER.ADDRESS where LDAP_ID like '%jms%'</sql><sql date="1471384247903" url="jdbc:oracle:thin:@//db-11dn:1532/JMS">SELECT * FROM SAT_CAT_OWNER.TRUSTED_SOURCE
SELECT * FROM SAT_CAT_OWNER.CONTACT where CONTACT_NAME like 'fred%'</sql><sql date="1471384417006" url="jdbc:oracle:thin:@//db-11dn:1532/JMS">SELECT * FROM SAT_CAT_OWNER.RAW_METRIC_OBS</sql><sql date="1489604960378" url="jdbc:oracle:thin:@//db-9dn:1532/JMS">SELECT * FROM SAT_CAT_OWNER.ASYNC_TASK WHERE TASK_NAME = 'SlrObsPersist'</sql><sql date="1489725116129" url="jdbc:oracle:thin:@//db-9dn:1532/JMS">select * from ASYNC_TASK order by CREATE_DATE DESC</sql><sql date="1489773643004" url="jdbc:oracle:thin:@//db-9dn:1532/JMS">SELECT * FROM JMS_OWNER.QRTZ_JOB_DETAILS WHERE ROWNUM &lt;= 236</sql><sql date="1475615767918" url="jdbc:oracle:thin:@//db-11dn:1532/JMS">SELECT * FROM BULLPEN_OWNER.ADDRESS where ADDR_NAME like '%freddy%'

SELECT * FROM BULLPEN_OWNER.ADDRESS</sql><sql date="1489678520934" url="jdbc:oracle:thin:@//db-11dn:1532/JMS">SELECT * FROM SAT_CAT_OWNER.ASYNC_TASK ORDER BY CREATE_DATE DESC</sql><sql date="1490041285721" url="jdbc:oracle:thin:@//db-9dn:1532/JMS">SELECT * FROM SAT_CAT_OWNER.ASYNC_TASK ORDER BY CREATE_DATE DESC</sql><sql date="1474909630577" url="jdbc:oracle:thin:@//db-9ct:1532/JMS">SELECT * FROM BULLPEN_OWNER.ADDRESS where ADDR_NAME like '%eventing%'</sql><sql date="1475010342181" url="jdbc:oracle:thin:@//db-11dn:1532/JMS">SELECT * FROM BULLPEN_OWNER.USERS where LDAP_ID like '%jms%'</sql><sql date="1475009669568" url="jdbc:oracle:thin:@//db-11ct:1532/JMS">SELECT * FROM BULLPEN_OWNER.USERS where LDAP_ID like '%jms%'</sql><sql date="1474921620376" url="jdbc:oracle:thin:@//db-9ct:1532/JMS">SELECT MSG_TYPE FROM BULLPEN_OWNER.MSG_TYPE</sql><sql date="1476303470578" url="jdbc:oracle:thin:@//db-9ct:1532/JMS">INSERT INTO BULLPEN_OWNER.MSG_ADDR_BOOK (CREATE_ORIGIN,MSG_TYPE,ADDR_UUID) VALUES ('JMS','AsyncTaskUpdate',(SELECT ADDR_UUID FROM BULLPEN_OWNER.ADDRESS WHERE ADDR_NAME='asw.subscriber.jms'))</sql><sql date="1475614281893" url="jdbc:oracle:thin:@//db-11dn:1532/JMS">SELECT * FROM BULLPEN_OWNER.ADDRESS where ADDR_NAME like '%fred%'</sql><sql date="1476207601415" url="jdbc:oracle:thin:@//db-9dn:1532/JMS">SELECT * FROM SAT_CAT_OWNER.SATELLITE where SAT_NO = 800080003 order by SAT_NO desc</sql><sql date="1475614298381" url="jdbc:oracle:thin:@//db-11dn:1532/JMS">SELECT * FROM BULLPEN_OWNER.ADDR_SAT</sql><sql date="1474906553011" url="jdbc:oracle:thin:@//db-9ct:1532/JMS">SELECT * FROM BULLPEN_OWNER.ADDR_SAT</sql><sql date="1476208826222" url="jdbc:oracle:thin:@//db-9dn:1532/JMS">SELECT * FROM SAT_CAT_OWNER.SATELLITE where SAT_NO like '999999998%' order by SAT_NO desc</sql><sql date="1476207525302" url="jdbc:oracle:thin:@//db-9dn:1532/JMS">SELECT * FROM SAT_CAT_OWNER.SATELLITE where SAT_NO like '800%' desc</sql><sql date="1476208781504" url="jdbc:oracle:thin:@//db-9dn:1532/JMS">SELECT * FROM SAT_CAT_OWNER.SATELLITE where SAT_NO like '8000800%' order by SAT_NO desc</sql><sql date="1489790374000" url="jdbc:oracle:thin:@//db-9dn:1532/JMS">SELECT UPDATE_DATE FROM SAT_CAT_OWNER.SAT_LASER_RANGING_OBS where UPDATE_ORIGIN = 'satcat_admin.user'</sql><sql date="1475009579340" url="jdbc:oracle:thin:@//db-11ct:1532/JMS">SELECT * FROM BULLPEN_OWNER.ADDRESS where LDAP_ID like 'freddy%'</sql><sql date="1476208813995" url="jdbc:oracle:thin:@//db-9dn:1532/JMS">SELECT * FROM SAT_CAT_OWNER.SATELLITE where SAT_NO like '999999999%' order by SAT_NO desc</sql><sql date="1475614291005" url="jdbc:oracle:thin:@//db-11dn:1532/JMS">SELECT * FROM BULLPEN_OWNER.POLLED_MSG</sql><sql date="1471384239600" url="jdbc:oracle:thin:@//db-11dn:1532/JMS">INSERT INTO SAT_CAT_OWNER.TRUSTED_SOURCE (CONTACT_UUID, CLASSIFICATION_MARKING, SOURCE_ENABLED, GP_ENABLED, SP_ENABLED, OBS_ENABLED, EPHEM_ENABLED, RSO_CANDIDATE_ENABLED, GP_INGEST_LEVEL, UPDATE_DATE, UPDATE_ORIGIN, CREATE_DATE, CREATE_ORIGIN, VERSION) 
	VALUES ('gangplank', 'U', 1, 1, 1, 1, 0, 1, 'FULL', NULL, NULL, '2016-07-20 19:31:19.139', 'gangplank', 0)</sql><sql date="1475513257997" url="jdbc:oracle:thin:@//db-11dn:1532/JMS">SELECT DISTINCT URI FROM BULLPEN_OWNER.ADDRESS</sql><sql date="1476209309276" url="jdbc:oracle:thin:@//db-9dn:1532/JMS">SELECT * FROM SAT_CAT_OWNER.SATELLITE where SAT_NO like '800080003%' order by SAT_NO desc</sql><sql date="1489790317447" url="jdbc:oracle:thin:@//db-9dn:1532/JMS">SELECT DISTINCT UPDATE_ORIGIN FROM SAT_CAT_OWNER.SAT_LASER_RANGING_OBS</sql><sql date="1489790196777" url="jdbc:oracle:thin:@//db-9dn:1532/JMS">SELECT * FROM SAT_CAT_OWNER.SAT_LASER_RANGING_OBS ORDER BY CREATE_DATE DESC</sql><sql date="1489678706054" url="jdbc:oracle:thin:@//db-11dn:1532/JMS">SELECT * FROM JMS_OWNER.QRTZ_JOB_DETAILS ORDER BY JOB_GROUP DESC</sql><sql date="1471384470892" url="jdbc:oracle:thin:@//db-11dn:1532/JMS">SELECT * FROM SAT_CAT_OWNER.RAW_METRIC_OBS order by CREATE_DATE desc</sql><sql date="1474919301119" url="jdbc:oracle:thin:@//db-11dn:1532/JMS">SELECT DISTINCT URI FROM BULLPEN_OWNER.ADDRESS where ADDR_NAME like '%eventing%'</sql><sql date="1474919264498" url="jdbc:oracle:thin:@//db-9ct:1532/JMS">SELECT DISTINCT URI FROM BULLPEN_OWNER.ADDRESS where ADDR_NAME like '%eventing%'</sql><sql date="1474909611766" url="jdbc:oracle:thin:@//db-9ct:1532/JMS">SELECT * FROM BULLPEN_OWNER.USERS bpu where bpu.LDAP_ID like 'eventing%'</sql><sql date="1476301282146" url="jdbc:oracle:thin:@//db-9dn:1532/JMS">SELECT * FROM BULLPEN_OWNER.ADDRESS where ADDR_NAME like '%freddy%'</sql><sql date="1475616199080" url="jdbc:oracle:thin:@//db-11dn:1532/JMS">SELECT * FROM BULLPEN_OWNER.ADDRESS where ADDR_NAME like '%freddy%'</sql><sql date="1475612368414" url="jdbc:oracle:thin:@//db-11dn:1532/JMS">SELECT * FROM BULLPEN_OWNER.MSG_TYPE</sql><sql date="1474921514439" url="jdbc:oracle:thin:@//db-9ct:1532/JMS">SELECT * FROM BULLPEN_OWNER.MSG_TYPE</sql><sql date="1474909618137" url="jdbc:oracle:thin:@//db-9ct:1532/JMS">SELECT * FROM BULLPEN_OWNER.USER_PERMISSION where LDAP_ID = 'eventing.publisher'</sql><sql date="1471385292741" url="jdbc:oracle:thin:@//db-11dn:1532/JMS">SELECT * FROM SAT_CAT_OWNER.CONTACT where CONTACT_NAME like 'sf'</sql><sql date="1476209404207" url="jdbc:oracle:thin:@//db-9dn:1532/JMS">select * from SAT_CAT_OWNER.STATE_VECTOR where SATELLITE_UUID = '238aa13c75174f578c9a5b527f8fd2b4'</sql><sql date="1489790141648" url="jdbc:oracle:thin:@//db-9dn:1532/JMS">SELECT count(*) FROM SAT_CAT_OWNER.SAT_LASER_RANGING_OBS</sql></history>