<?xml version="1.0" encoding="UTF-8" standalone="yes"?><history><sql date="1475612393980" url="jdbc:oracle:thin:@//db-11dn:1532/JMS">SELECT * FROM BULLPEN_OWNER.ADDR_BOOK_FILTER</sql><sql date="1475872009667" url="jdbc:oracle:thin:@//db-9dn:1532/JMS">select * from BULLPEN_OWNER.MSG_ADDR_BOOK where ADDR_UUID = 'd713cd778478427fa3fb03803f0c68d7'</sql><sql date="1476303449457" url="jdbc:oracle:thin:@//db-9ct:1532/JMS">INSERT INTO BULLPEN_OWNER.ADDRESS (ADDR_NAME,ADDR_TYPE,LDAP_ID,URI,CREATE_ORIGIN,DESCRIPTION) VALUES ('asw.subscriber.jms','USER','ASW','bpjms:ASW_SUBSCRIBER?timeToLive=10000','JMS','ASW remote subscribers')</sql><sql date="1476298861319" url="jdbc:oracle:thin:@//db-9dn:1532/JMS">SELECT * FROM BULLPEN_OWNER.ADDRESS</sql><sql date="1475616199116" url="jdbc:oracle:thin:@//db-11dn:1532/JMS">SELECT * FROM BULLPEN_OWNER.ADDRESS</sql><sql date="1475009537240" url="jdbc:oracle:thin:@//db-11ct:1532/JMS">SELECT * FROM BULLPEN_OWNER.ADDRESS</sql><sql date="1474906577381" url="jdbc:oracle:thin:@//db-9ct:1532/JMS">SELECT * FROM BULLPEN_OWNER.ADDRESS</sql><sql date="1470952068356" url="jdbc:oracle:thin:@//db-11dn:1532/JMS">SELECT rmo.STAGED_FLAG, rmo.ORIGINAL_MSG_TYPE, rmo.CREATE_DATE FROM SAT_CAT_OWNER.RAW_METRIC_OBS rmo ORDER BY rmo.CREATE_DATE DESC</sql><sql date="1475614309199" url="jdbc:oracle:thin:@//db-11dn:1532/JMS">SELECT * FROM BULLPEN_OWNER.USERS</sql><sql date="1474906337178" url="jdbc:oracle:thin:@//db-9ct:1532/JMS">SELECT * FROM BULLPEN_OWNER.USERS</sql><sql date="1476207609045" url="jdbc:oracle:thin:@//db-9dn:1532/JMS">SELECT * FROM SAT_CAT_OWNER.SATELLITE where SAT_NO like '8000%' order by SAT_NO desc</sql><sql date="1470952912192" url="jdbc:oracle:thin:@//db-11dn:1532/JMS">INSERT INTO SAT_CAT_OWNER.RAW_METRIC_OBS (STAGED_FLAG, ORIGINAL_MSG_TYPE, CREATE_DATE, RAW_METRIC_OBS_UUID) VALUES (1, 'B3Obs', '2016-08-11 22:00:11.328', 'zzz8449b80b34197bbe54c94d737dzzz')</sql><sql date="1475872045020" url="jdbc:oracle:thin:@//db-9dn:1532/JMS">select * from BULLPEN_OWNER.MSG_HIST_ADDR where ADDR_UUID = 'd713cd778478427fa3fb03803f0c68d7'</sql><sql date="1476396865959" url="jdbc:oracle:thin:@//db-9dn:1532/JMS">SELECT * FROM SAT_CAT_OWNER.GP_ELEMENTS</sql><sql date="1471384122782" url="jdbc:oracle:thin:@//db-11dn:1532/JMS">SELECT * FROM SAT_CAT_OWNER.CONTACT</sql><sql date="1470954518256" url="jdbc:oracle:thin:@//db-11dn:1532/JMS">INSERT INTO SAT_CAT_OWNER.RAW_METRIC_OBS (RAW_METRIC_OBS_UUID, CLASSIFICATION_MARKING, SENSOR_NUMBER, "SOURCE", ORIGINAL_MSG_TYPE, RPT_INDICATOR, SAT_NO,
 STATION_ID, STAGED_FLAG, OBSERVATION_TYPE, OBSERVATION_TS, MESSAGE_ID, EXTERNAL_MESSAGE_ID, METRIC_OBSERVATION, ORIGINAL_OBS_MSG, TRACK_ID, UPDATE_DATE, 
UPDATE_ORIGIN, CREATE_DATE, CREATE_ORIGIN, VERSION) 
	VALUES (
'zzzf514d5cb6444481935d5c3cdc261b', 'U', 399, 'SPADOC', 'B3Obs', 'one_of_track', 5, '399', 1, 2, '2006-06-28 01:32:16.585', 
'zzz08024e9e140c99e3c519d55c841ce', NULL, 
'&lt;cs3:MetricObservation xmlns:cs3="http://www.C2SSA.gov/C2SSADomain/JMS/CS3/v4" xmlns:ism="urn:us:gov:ic:ism" ism:classification="U" ism:ownerProducer="USA" reportIndicator="one_of_track"&gt;&lt;ctyp:Time xmlns:ctyp="http://www.C2SSA.gov/C2SSADomain/Common/Types/v3"&gt;2006-06-28T01:32:16.585Z&lt;/ctyp:Time&gt;&lt;ctyp:Type2 xmlns:ctyp="http://www.C2SSA.gov/C2SSADomain/Common/Types/v3"&gt;&lt;ctyp:Azimuth uom="rad"&gt;6.1440913387333325&lt;/ctyp:Azimuth&gt;&lt;ctyp:Elevation uom="rad"&gt;1.3243634444166665&lt;/ctyp:Elevation&gt;&lt;ctyp:Range uom="km"&gt;780.1176&lt;/ctyp:Range&gt;&lt;/ctyp:Type2&gt;&lt;cs3:StationNumber&gt;399&lt;/cs3:StationNumber&gt;&lt;cs3:StationID ism:classification="U" codespace="http://www.C2SSA.gov/C2SSADomain/JMS/Common/CodeList/SystemSubsystemID/1.0.0http://www.C2SSA.gov/C2SSADomain/JMS/Common/CodeList/SensorID/3.0.0" ism:ownerProducer="USA"&gt;399&lt;/cs3:StationID&gt;&lt;cs3:SatelliteNumber&gt;5&lt;/cs3:SatelliteNumber&gt;&lt;/cs3:MetricObservation&gt;', 
NULL, NULL, NULL, NULL, systimestamp, 'freddy.bass.jms', 1)</sql><sql date="1471384297949" url="jdbc:oracle:thin:@//db-11dn:1532/JMS">SELECT * FROM SAT_CAT_OWNER.TRUSTED_SOURCE</sql><sql date="1470952004835" url="jdbc:oracle:thin:@//db-11dn:1532/JMS">SELECT rmo.STAGED_FLAG, rmo.ORIGINAL_MSG_TYPE, rmo.ORIGINAL_MSG_TYPE FROM SAT_CAT_OWNER.RAW_METRIC_OBS rmo</sql><sql date="1475010477925" url="jdbc:oracle:thin:@//db-11dn:1532/JMS">SELECT * FROM BULLPEN_OWNER.USER_ROLE where LDAP_ID like 'freddy%'</sql><sql date="1475612345810" url="jdbc:oracle:thin:@//db-11dn:1532/JMS">SELECT * FROM BULLPEN_OWNER.ADDR_PROP</sql><sql date="1474921609305" url="jdbc:oracle:thin:@//db-9ct:1532/JMS">SELECT * FROM BULLPEN_OWNER.MSG_TYPE where MSG_TYPE like '%smtp%'</sql><sql date="1475615717955" url="jdbc:oracle:thin:@//db-11dn:1532/JMS">SELECT * FROM BULLPEN_OWNER.USERS where LDAP_ID like '%fred%'</sql><sql date="1475615040234" url="jdbc:oracle:thin:@//db-11dn:1532/JMS">SELECT * FROM BULLPEN_OWNER.ADDRESS order by CREATE_DATE desc</sql><sql date="1471384269152" url="jdbc:oracle:thin:@//db-11dn:1532/JMS">SELECT * FROM SAT_CAT_OWNER.CONTACT where CONTACT_NAME like 'fred%'</sql><sql date="1476404067834" url="jdbc:oracle:thin:@//db-9dn:1532/JMS">select * from SAT_CAT_OWNER.SATELLITE where SAT_NO = 800080003</sql><sql date="1470953532645" url="jdbc:oracle:thin:@//db-11dn:1532/JMS">INSERT INTO SAT_CAT_OWNER.RAW_METRIC_OBS (CLASSIFICATION_MARKING, STAGED_FLAG, ORIGINAL_MSG_TYPE, CREATE_DATE, RAW_METRIC_OBS_UUID) VALUES ('U', 1, 'B3Obs', to_timestamp('2016-AUG-11 22:00:11', 'YYYY-MON-RR HH24:MI:SS'), 'zzz8449b80b34197bbe54c94d737dzzz')</sql><sql date="1475614392706" url="jdbc:oracle:thin:@//db-11dn:1532/JMS">SELECT * FROM BULLPEN_OWNER.ADDRESS order by CREATE_DATE asc</sql><sql date="1476301282325" url="jdbc:oracle:thin:@//db-9dn:1532/JMS">SELECT * FROM BULLPEN_OWNER.MSG_TYPE where MSG_TYPE like 'Async%'</sql><sql date="1474909665711" url="jdbc:oracle:thin:@//db-9ct:1532/JMS">SELECT URI FROM BULLPEN_OWNER.ADDRESS where ADDR_NAME like '%eventing%'</sql><sql date="1476207626763" url="jdbc:oracle:thin:@//db-9dn:1532/JMS">SELECT * FROM SAT_CAT_OWNER.SATELLITE where SAT_NO like '800089986%' order by SAT_NO desc</sql><sql date="1474927766531" url="jdbc:oracle:thin:@//db-11dn:1532/JMS">SELECT * FROM BULLPEN_OWNER.USERS where LDAP_ID = 'eventing.publisher'</sql><sql date="1476207467838" url="jdbc:oracle:thin:@//db-9dn:1532/JMS">SELECT * FROM SAT_CAT_OWNER.SATELLITE</sql><sql date="1470953479243" url="jdbc:oracle:thin:@//db-11dn:1532/JMS">SELECT SENSOR_NUMBER FROM SAT_CAT_OWNER.RAW_METRIC_OBS</sql><sql date="1476207593844" url="jdbc:oracle:thin:@//db-9dn:1532/JMS">SELECT * FROM SAT_CAT_OWNER.SATELLITE where SAT_NO like '800080003' order by SAT_NO desc</sql><sql date="1470952882670" url="jdbc:oracle:thin:@//db-11dn:1532/JMS">INSERT INTO SAT_CAT_OWNER."RAW_METRIC_OBS rmo" (STAGED_FLAG, ORIGINAL_MSG_TYPE, CREATE_DATE, RAW_METRIC_OBS_UUID) VALUES (1, 'B3Obs', '2016-08-11 22:00:11.328', 'zzz8449b80b34197bbe54c94d737dzzz')</sql><sql date="1475010500198" url="jdbc:oracle:thin:@//db-11dn:1532/JMS">SELECT * FROM BULLPEN_OWNER.USER_PERMISSION where LDAP_ID like 'freddy%'</sql><sql date="1470952021824" url="jdbc:oracle:thin:@//db-11dn:1532/JMS">N</sql><sql date="1471034104625" url="jdbc:oracle:thin:@//db-11dn:1532/JMS">select * from SAT_CAT_OWNER.RAW_METRIC_OBS where RAW_METRIC_OBS_UUID</sql><sql date="1476208753457" url="jdbc:oracle:thin:@//db-9dn:1532/JMS">SELECT * FROM SAT_CAT_OWNER.SATELLITE where SAT_NO like '80008%' order by SAT_NO desc</sql><sql date="1476207540042" url="jdbc:oracle:thin:@//db-9dn:1532/JMS">SELECT * FROM SAT_CAT_OWNER.SATELLITE where SAT_NO like '800%' order by SAT_NO desc</sql><sql date="1475612667100" url="jdbc:oracle:thin:@//db-11dn:1532/JMS">SELECT * FROM BULLPEN_OWNER.USER_PERMISSION</sql><sql date="1474906411081" url="jdbc:oracle:thin:@//db-9ct:1532/JMS">SELECT * FROM BULLPEN_OWNER.USER_PERMISSION</sql><sql date="1476207508919" url="jdbc:oracle:thin:@//db-9dn:1532/JMS">SELECT * FROM SAT_CAT_OWNER.SATELLITE where SAT_NO like '800%'</sql><sql date="1475513365785" url="jdbc:oracle:thin:@//db-11dn:1532/JMS">SELECT * FROM BULLPEN_OWNER.USERS where LDAP_ID like 'freddy%'</sql><sql date="1475009658187" url="jdbc:oracle:thin:@//db-11ct:1532/JMS">SELECT * FROM BULLPEN_OWNER.USERS where LDAP_ID like 'freddy%'</sql><sql date="1475614300087" url="jdbc:oracle:thin:@//db-11dn:1532/JMS">SELECT * FROM BULLPEN_OWNER.ADDR_MSG_TYPE</sql><sql date="1475009591886" url="jdbc:oracle:thin:@//db-11ct:1532/JMS">SELECT * FROM BULLPEN_OWNER.ADDRESS where LDAP_ID like 'jon%'</sql><sql date="1476208761815" url="jdbc:oracle:thin:@//db-9dn:1532/JMS">SELECT * FROM SAT_CAT_OWNER.SATELLITE where SAT_NO like '80008000%' order by SAT_NO desc</sql><sql date="1476118205777" url="jdbc:oracle:thin:@//db-9dn:1532/JMS">SELECT * FROM BULLPEN_OWNER.ADDRESS where LDAP_ID like 'fredd%'</sql><sql date="1475612687983" url="jdbc:oracle:thin:@//db-11dn:1532/JMS">SELECT * FROM BULLPEN_OWNER.USER_PERMISSION where LDAP_ID like '%fred%'</sql><sql date="1470952033184" url="jdbc:oracle:thin:@//db-11dn:1532/JMS">SELECT rmo.STAGED_FLAG, rmo.ORIGINAL_MSG_TYPE, rmo.CREATE_DATE FROM SAT_CAT_OWNER.RAW_METRIC_OBS rmo</sql><sql date="1475612353461" url="jdbc:oracle:thin:@//db-11dn:1532/JMS">SELECT * FROM BULLPEN_OWNER.MSG_ADDR_BOOK</sql><sql date="1474906308805" url="jdbc:oracle:thin:@//db-9ct:1532/JMS">SELECT * FROM BULLPEN_OWNER.MSG_ADDR_BOOK</sql><sql date="1476479402612" url="jdbc:oracle:thin:@//db-9ct:1532/JMS">SELECT * FROM BULLPEN_OWNER.ADDRESS WHERE ROWNUM &lt;= 236</sql><sql date="1470951944485" url="jdbc:oracle:thin:@//db-11dn:1532/JMS">SELECT rmo.STAGED_FLAG FROM SAT_CAT_OWNER.RAW_METRIC_OBS rmo where rmo.ORIGINAL_MSG_TYPE = 'B3Obs'</sql><sql date="1474921583660" url="jdbc:oracle:thin:@//db-9ct:1532/JMS">SELECT * FROM BULLPEN_OWNER.MSG_TYPE where MSG_TYPE = 'SMTPMsg'</sql><sql date="1475010363213" url="jdbc:oracle:thin:@//db-11dn:1532/JMS">SELECT * FROM BULLPEN_OWNER.ADDRESS where LDAP_ID like '%jms%'</sql><sql date="1471384247903" url="jdbc:oracle:thin:@//db-11dn:1532/JMS">SELECT * FROM SAT_CAT_OWNER.TRUSTED_SOURCE
SELECT * FROM SAT_CAT_OWNER.CONTACT where CONTACT_NAME like 'fred%'</sql><sql date="1471384417006" url="jdbc:oracle:thin:@//db-11dn:1532/JMS">SELECT * FROM SAT_CAT_OWNER.RAW_METRIC_OBS</sql><sql date="1475615767918" url="jdbc:oracle:thin:@//db-11dn:1532/JMS">SELECT * FROM BULLPEN_OWNER.ADDRESS where ADDR_NAME like '%freddy%'

SELECT * FROM BULLPEN_OWNER.ADDRESS</sql><sql date="1471016372450" url="jdbc:oracle:thin:@//db-11dn:1532/JMS">SELECT SYSTIMESTAMP FROM DUAL</sql><sql date="1474909630577" url="jdbc:oracle:thin:@//db-9ct:1532/JMS">SELECT * FROM BULLPEN_OWNER.ADDRESS where ADDR_NAME like '%eventing%'</sql><sql date="1470953588712" url="jdbc:oracle:thin:@//db-11dn:1532/JMS">INSERT INTO SAT_CAT_OWNER.RAW_METRIC_OBS ("SOURCE", SENSOR_NUMBER, CLASSIFICATION_MARKING, STAGED_FLAG, ORIGINAL_MSG_TYPE, CREATE_DATE, RAW_METRIC_OBS_UUID) VALUES ('SPADOC', 1234, 'U', 1, 'B3Obs', to_timestamp('2016-AUG-11 22:00:11', 'YYYY-MON-RR HH24:MI:SS'), 'zzz8449b80b34197bbe54c94d737dzzz')</sql><sql date="1475010342181" url="jdbc:oracle:thin:@//db-11dn:1532/JMS">SELECT * FROM BULLPEN_OWNER.USERS where LDAP_ID like '%jms%'</sql><sql date="1475009669568" url="jdbc:oracle:thin:@//db-11ct:1532/JMS">SELECT * FROM BULLPEN_OWNER.USERS where LDAP_ID like '%jms%'</sql><sql date="1474921620376" url="jdbc:oracle:thin:@//db-9ct:1532/JMS">SELECT MSG_TYPE FROM BULLPEN_OWNER.MSG_TYPE</sql><sql date="1476303470578" url="jdbc:oracle:thin:@//db-9ct:1532/JMS">INSERT INTO BULLPEN_OWNER.MSG_ADDR_BOOK (CREATE_ORIGIN,MSG_TYPE,ADDR_UUID) VALUES ('JMS','AsyncTaskUpdate',(SELECT ADDR_UUID FROM BULLPEN_OWNER.ADDRESS WHERE ADDR_NAME='asw.subscriber.jms'))</sql><sql date="1470954551129" url="jdbc:oracle:thin:@//db-11dn:1532/JMS">INSERT INTO SAT_CAT_OWNER.RAW_METRIC_OBS (RAW_METRIC_OBS_UUID, CLASSIFICATION_MARKING, SENSOR_NUMBER, "SOURCE", ORIGINAL_MSG_TYPE, RPT_INDICATOR, SAT_NO,
 STATION_ID, STAGED_FLAG, OBSERVATION_TYPE, OBSERVATION_TS, MESSAGE_ID, EXTERNAL_MESSAGE_ID, METRIC_OBSERVATION, ORIGINAL_OBS_MSG, TRACK_ID, UPDATE_DATE, 
UPDATE_ORIGIN, CREATE_DATE, CREATE_ORIGIN, VERSION) 
	VALUES (
'zzzf514d5cb6444481935d5c3cdc261b', 'U', 399, 'SPADOC', 'B3Obs', 'one_of_track', 5, '399', 1, 2, systimestamp, 
'zzz08024e9e140c99e3c519d55c841ce', NULL, 
'&lt;cs3:MetricObservation xmlns:cs3="http://www.C2SSA.gov/C2SSADomain/JMS/CS3/v4" xmlns:ism="urn:us:gov:ic:ism" ism:classification="U" ism:ownerProducer="USA" reportIndicator="one_of_track"&gt;&lt;ctyp:Time xmlns:ctyp="http://www.C2SSA.gov/C2SSADomain/Common/Types/v3"&gt;2006-06-28T01:32:16.585Z&lt;/ctyp:Time&gt;&lt;ctyp:Type2 xmlns:ctyp="http://www.C2SSA.gov/C2SSADomain/Common/Types/v3"&gt;&lt;ctyp:Azimuth uom="rad"&gt;6.1440913387333325&lt;/ctyp:Azimuth&gt;&lt;ctyp:Elevation uom="rad"&gt;1.3243634444166665&lt;/ctyp:Elevation&gt;&lt;ctyp:Range uom="km"&gt;780.1176&lt;/ctyp:Range&gt;&lt;/ctyp:Type2&gt;&lt;cs3:StationNumber&gt;399&lt;/cs3:StationNumber&gt;&lt;cs3:StationID ism:classification="U" codespace="http://www.C2SSA.gov/C2SSADomain/JMS/Common/CodeList/SystemSubsystemID/1.0.0http://www.C2SSA.gov/C2SSADomain/JMS/Common/CodeList/SensorID/3.0.0" ism:ownerProducer="USA"&gt;399&lt;/cs3:StationID&gt;&lt;cs3:SatelliteNumber&gt;5&lt;/cs3:SatelliteNumber&gt;&lt;/cs3:MetricObservation&gt;', 
NULL, NULL, NULL, NULL, systimestamp, 'freddy.bass.jms', 1)</sql><sql date="1475614281893" url="jdbc:oracle:thin:@//db-11dn:1532/JMS">SELECT * FROM BULLPEN_OWNER.ADDRESS where ADDR_NAME like '%fred%'</sql><sql date="1476207601415" url="jdbc:oracle:thin:@//db-9dn:1532/JMS">SELECT * FROM SAT_CAT_OWNER.SATELLITE where SAT_NO = 800080003 order by SAT_NO desc</sql><sql date="1475614298381" url="jdbc:oracle:thin:@//db-11dn:1532/JMS">SELECT * FROM BULLPEN_OWNER.ADDR_SAT</sql><sql date="1474906553011" url="jdbc:oracle:thin:@//db-9ct:1532/JMS">SELECT * FROM BULLPEN_OWNER.ADDR_SAT</sql><sql date="1470953559419" url="jdbc:oracle:thin:@//db-11dn:1532/JMS">INSERT INTO SAT_CAT_OWNER.RAW_METRIC_OBS (SENSOR_NUMBER, CLASSIFICATION_MARKING, STAGED_FLAG, ORIGINAL_MSG_TYPE, CREATE_DATE, RAW_METRIC_OBS_UUID) VALUES (1234, 'U', 1, 'B3Obs', to_timestamp('2016-AUG-11 22:00:11', 'YYYY-MON-RR HH24:MI:SS'), 'zzz8449b80b34197bbe54c94d737dzzz')</sql><sql date="1476208826222" url="jdbc:oracle:thin:@//db-9dn:1532/JMS">SELECT * FROM SAT_CAT_OWNER.SATELLITE where SAT_NO like '999999998%' order by SAT_NO desc</sql><sql date="1476207525302" url="jdbc:oracle:thin:@//db-9dn:1532/JMS">SELECT * FROM SAT_CAT_OWNER.SATELLITE where SAT_NO like '800%' desc</sql><sql date="1470951995287" url="jdbc:oracle:thin:@//db-11dn:1532/JMS">SELECT rmo.STAGED_FLAG, rmo.ORIGINAL_MSG_TYPE, rmo.ORIGINAL_MSG_TYPE FROM SAT_CAT_OWNER.RAW_METRIC_OBS rmo where rmo.ORIGINAL_MSG_TYPE = 'B3Obs'</sql><sql date="1476208781504" url="jdbc:oracle:thin:@//db-9dn:1532/JMS">SELECT * FROM SAT_CAT_OWNER.SATELLITE where SAT_NO like '8000800%' order by SAT_NO desc</sql><sql date="1475009579340" url="jdbc:oracle:thin:@//db-11ct:1532/JMS">SELECT * FROM BULLPEN_OWNER.ADDRESS where LDAP_ID like 'freddy%'</sql><sql date="1470954483092" url="jdbc:oracle:thin:@//db-11dn:1532/JMS">INSERT INTO SAT_CAT_OWNER.RAW_METRIC_OBS (RAW_METRIC_OBS_UUID, CLASSIFICATION_MARKING, SENSOR_NUMBER, "SOURCE", ORIGINAL_MSG_TYPE, RPT_INDICATOR, SAT_NO,
 STATION_ID, STAGED_FLAG, OBSERVATION_TYPE, OBSERVATION_TS, MESSAGE_ID, EXTERNAL_MESSAGE_ID, METRIC_OBSERVATION, ORIGINAL_OBS_MSG, TRACK_ID, UPDATE_DATE, 
UPDATE_ORIGIN, CREATE_DATE, CREATE_ORIGIN, VERSION) 
	VALUES (
'zzzf514d5cb6444481935d5c3cdc261b', 'U', 399, 'SPADOC', 'B3Obs', 'one_of_track', 5, '399', 1, 2, '2006-06-28 01:32:16.585', 
'zzz08024e9e140c99e3c519d55c841ce', NULL, 
'&lt;cs3:MetricObservation xmlns:cs3="http://www.C2SSA.gov/C2SSADomain/JMS/CS3/v4" xmlns:ism="urn:us:gov:ic:ism" ism:classification="U" ism:ownerProducer="USA" reportIndicator="one_of_track"&gt;&lt;ctyp:Time xmlns:ctyp="http://www.C2SSA.gov/C2SSADomain/Common/Types/v3"&gt;2006-06-28T01:32:16.585Z&lt;/ctyp:Time&gt;&lt;ctyp:Type2 xmlns:ctyp="http://www.C2SSA.gov/C2SSADomain/Common/Types/v3"&gt;&lt;ctyp:Azimuth uom="rad"&gt;6.1440913387333325&lt;/ctyp:Azimuth&gt;&lt;ctyp:Elevation uom="rad"&gt;1.3243634444166665&lt;/ctyp:Elevation&gt;&lt;ctyp:Range uom="km"&gt;780.1176&lt;/ctyp:Range&gt;&lt;/ctyp:Type2&gt;&lt;cs3:StationNumber&gt;399&lt;/cs3:StationNumber&gt;&lt;cs3:StationID ism:classification="U" codespace="http://www.C2SSA.gov/C2SSADomain/JMS/Common/CodeList/SystemSubsystemID/1.0.0http://www.C2SSA.gov/C2SSADomain/JMS/Common/CodeList/SensorID/3.0.0" ism:ownerProducer="USA"&gt;399&lt;/cs3:StationID&gt;&lt;cs3:SatelliteNumber&gt;5&lt;/cs3:SatelliteNumber&gt;&lt;/cs3:MetricObservation&gt;', 
NULL, NULL, NULL, NULL, '2016-08-11 22:00:11.307', 'freddy.bass.jms', 1)</sql><sql date="1476208813995" url="jdbc:oracle:thin:@//db-9dn:1532/JMS">SELECT * FROM SAT_CAT_OWNER.SATELLITE where SAT_NO like '999999999%' order by SAT_NO desc</sql><sql date="1470954680070" url="jdbc:oracle:thin:@//db-11dn:1532/JMS">SELECT rmo.STAGED_FLAG, rmo.ORIGINAL_MSG_TYPE, rmo.CREATE_DATE, rmo.RAW_METRIC_OBS_UUID FROM SAT_CAT_OWNER.RAW_METRIC_OBS rmo ORDER BY rmo.CREATE_DATE DESC</sql><sql date="1475614291005" url="jdbc:oracle:thin:@//db-11dn:1532/JMS">SELECT * FROM BULLPEN_OWNER.POLLED_MSG</sql><sql date="1471384239600" url="jdbc:oracle:thin:@//db-11dn:1532/JMS">INSERT INTO SAT_CAT_OWNER.TRUSTED_SOURCE (CONTACT_UUID, CLASSIFICATION_MARKING, SOURCE_ENABLED, GP_ENABLED, SP_ENABLED, OBS_ENABLED, EPHEM_ENABLED, RSO_CANDIDATE_ENABLED, GP_INGEST_LEVEL, UPDATE_DATE, UPDATE_ORIGIN, CREATE_DATE, CREATE_ORIGIN, VERSION) 
	VALUES ('gangplank', 'U', 1, 1, 1, 1, 0, 1, 'FULL', NULL, NULL, '2016-07-20 19:31:19.139', 'gangplank', 0)</sql><sql date="1475513257997" url="jdbc:oracle:thin:@//db-11dn:1532/JMS">SELECT DISTINCT URI FROM BULLPEN_OWNER.ADDRESS</sql><sql date="1476209309276" url="jdbc:oracle:thin:@//db-9dn:1532/JMS">SELECT * FROM SAT_CAT_OWNER.SATELLITE where SAT_NO like '800080003%' order by SAT_NO desc</sql><sql date="1470950319574" url="jdbc:oracle:thin:@//db-11dn:1532/JMS">SELECT * FROM SAT_CAT_OWNER.CONTACT con where con.CONTACT_NAME like '%freddy%'</sql><sql date="1471384470892" url="jdbc:oracle:thin:@//db-11dn:1532/JMS">SELECT * FROM SAT_CAT_OWNER.RAW_METRIC_OBS order by CREATE_DATE desc</sql><sql date="1471022652317" url="jdbc:oracle:thin:@//db-11dn:1532/JMS">SELECT * FROM SAT_CAT_OWNER.RAW_METRIC_OBS ORDER BY RAW_METRIC_OBS_UUID DESC</sql><sql date="1474919301119" url="jdbc:oracle:thin:@//db-11dn:1532/JMS">SELECT DISTINCT URI FROM BULLPEN_OWNER.ADDRESS where ADDR_NAME like '%eventing%'</sql><sql date="1474919264498" url="jdbc:oracle:thin:@//db-9ct:1532/JMS">SELECT DISTINCT URI FROM BULLPEN_OWNER.ADDRESS where ADDR_NAME like '%eventing%'</sql><sql date="1474909611766" url="jdbc:oracle:thin:@//db-9ct:1532/JMS">SELECT * FROM BULLPEN_OWNER.USERS bpu where bpu.LDAP_ID like 'eventing%'</sql><sql date="1476301282146" url="jdbc:oracle:thin:@//db-9dn:1532/JMS">SELECT * FROM BULLPEN_OWNER.ADDRESS where ADDR_NAME like '%freddy%'</sql><sql date="1475616199080" url="jdbc:oracle:thin:@//db-11dn:1532/JMS">SELECT * FROM BULLPEN_OWNER.ADDRESS where ADDR_NAME like '%freddy%'</sql><sql date="1470953390908" url="jdbc:oracle:thin:@//db-11dn:1532/JMS">INSERT INTO SAT_CAT_OWNER.RAW_METRIC_OBS (STAGED_FLAG, ORIGINAL_MSG_TYPE, CREATE_DATE, RAW_METRIC_OBS_UUID) VALUES (1, 'B3Obs', to_timestamp('2016-AUG-11 22:00:11', 'YYYY-MON-RR HH24:MI:SS'), 'zzz8449b80b34197bbe54c94d737dzzz')</sql><sql date="1475612368414" url="jdbc:oracle:thin:@//db-11dn:1532/JMS">SELECT * FROM BULLPEN_OWNER.MSG_TYPE</sql><sql date="1474921514439" url="jdbc:oracle:thin:@//db-9ct:1532/JMS">SELECT * FROM BULLPEN_OWNER.MSG_TYPE</sql><sql date="1474909618137" url="jdbc:oracle:thin:@//db-9ct:1532/JMS">SELECT * FROM BULLPEN_OWNER.USER_PERMISSION where LDAP_ID = 'eventing.publisher'</sql><sql date="1471385292741" url="jdbc:oracle:thin:@//db-11dn:1532/JMS">SELECT * FROM SAT_CAT_OWNER.CONTACT where CONTACT_NAME like 'sf'</sql><sql date="1476209404207" url="jdbc:oracle:thin:@//db-9dn:1532/JMS">select * from SAT_CAT_OWNER.STATE_VECTOR where SATELLITE_UUID = '238aa13c75174f578c9a5b527f8fd2b4'</sql><sql date="1470952954236" url="jdbc:oracle:thin:@//db-11dn:1532/JMS">INSERT INTO SAT_CAT_OWNER.RAW_METRIC_OBS (STAGED_FLAG, ORIGINAL_MSG_TYPE, CREATE_DATE, RAW_METRIC_OBS_UUID) VALUES (1, 'B3Obs', '2016-08-11 22:00:11', 'zzz8449b80b34197bbe54c94d737dzzz')</sql></history>