<?xml version="1.0" encoding="UTF-8"?>
<!DOCTYPE bindings PUBLIC "-//NetBeans//DTD Editor KeyBindings settings 1.1//EN" "http://www.netbeans.org/dtds/EditorKeyBindings-1_1.dtd">
<bindings>
    <bind actionName="delete-previous" key="C-H"/>
    <bind actionName="redo" key="AS-MINUS"/>
    <bind actionName="redo" key="CS-Z"/>
    <bind actionName="select-identifier" key="C-SPACE"/>
    <bind key="CS-C" remove="true"/>
    <bind key="AS-W" remove="true"/>
    <bind key="AS-F" remove="true"/>
    <bind key="KP_UP" remove="true"/>
    <bind key="S-SPACE" remove="true"/>
    <bind key="A-U$G" remove="true"/>
    <bind key="CA-G" remove="true"/>
    <bind key="A-U$I" remove="true"/>
    <bind key="A-PERIOD" remove="true"/>
    <bind key="C-R" remove="true"/>
    <bind key="A-U$S" remove="true"/>
</bindings>
