<?xml version="1.0" encoding="UTF-8" standalone="no"?>
<gradle-project-properties>
  <!--DO NOT EDIT THIS FILE! - Used by the Gradle plugin of NetBeans.-->
  <script-platform>
    <location>
      <install-dir>/opt/jdk1.8.0_102</install-dir>
    </location>
  </script-platform>
  <gradle-home>?INST=/opt/gradle-3.1</gradle-home>
  <appearance>
    <display-name-pattern>${project.name}</display-name-pattern>
  </appearance>
  <cache>
    <size>100</size>
  </cache>
  <compile>
    <compile-on-save>true</compile-on-save>
  </compile>
  <extensions>
    <org.netbeans.gradle.project.java.JavaExtension>
      <appearance>
        <project-node>
          <display-mode>DEFAULT_MODE</display-mode>
        </project-node>
      </appearance>
      <debug-mode>
        <type>DEBUGGER_ATTACHES</type>
      </debug-mode>
    </org.netbeans.gradle.project.java.JavaExtension>
  </extensions>
  <hacks>
    <detect-project-dep-by-jar-name>false</detect-project-dep-by-jar-name>
    <load-root-first>true</load-root-first>
    <replace-lf-on-stdin>true</replace-lf-on-stdin>
    <self-maintained-tasks>FALSE</self-maintained-tasks>
  </hacks>
  <model-loading>
    <strategy>NEWEST_POSSIBLE</strategy>
  </model-loading>
  <platforms>
    <preference-order>
      <platform-id>/opt/jdk1.7.0_60</platform-id>
      <platform-id>/opt/jdk-9-ea_140</platform-id>
      <platform-id>/opt/jdk1.8.0_102</platform-id>
    </preference-order>
  </platforms>
  <tasks>
    <always-clear-output>false</always-clear-output>
    <rely-on-java-of-script>false</rely-on-java-of-script>
    <skip-check>false</skip-check>
    <skip-tests>false</skip-tests>
  </tasks>
</gradle-project-properties>
