<?xml version="1.0" encoding="UTF-8"?>
<!DOCTYPE platform PUBLIC "-//NetBeans//DTD Java PlatformDefinition 1.0//EN" "http://www.netbeans.org/dtds/java-platformdefinition-1_0.dtd">
<platform default="no" name="JDK 1.7">
    <jdkhome>
        <resource>file:/opt/jdk1.7.0_60/</resource>
    </jdkhome>
    <properties>
        <property name="platform.ant.name" value="JDK_1.7"/>
    </properties>
    <sysproperties>
        <property name="awt.toolkit" value="sun.awt.X11.XToolkit"/>
        <property name="file.encoding" value="UTF-8"/>
        <property name="file.encoding.pkg" value="sun.io"/>
        <property name="file.separator" value="/"/>
        <property name="java.awt.graphicsenv" value="sun.awt.X11GraphicsEnvironment"/>
        <property name="java.awt.printerjob" value="sun.print.PSPrinterJob"/>
        <property name="java.class.path" value=""/>
        <property name="java.class.version" value="51.0"/>
        <property name="java.endorsed.dirs" value="/opt/jdk1.7.0_60/jre/lib/endorsed"/>
        <property name="java.ext.dirs" value="/opt/jdk1.7.0_60/jre/lib/ext:/usr/java/packages/lib/ext"/>
        <property name="java.home" value="/opt/jdk1.7.0_60/jre"/>
        <property name="java.io.tmpdir" value="/tmp"/>
        <property name="java.library.path" value="/opt/jdk1.8.0_45/jre/lib/amd64:/opt/jdk1.8.0_45/jre/lib/i386::/usr/java/packages/lib/amd64:/usr/lib64:/lib64:/lib:/usr/lib"/>
        <property name="java.runtime.name" value="Java(TM) SE Runtime Environment"/>
        <property name="java.runtime.version" value="1.7.0_60-b19"/>
        <property name="java.specification.name" value="Java Platform API Specification"/>
        <property name="java.specification.vendor" value="Oracle Corporation"/>
        <property name="java.specification.version" value="1.7"/>
        <property name="java.vendor" value="Oracle Corporation"/>
        <property name="java.vendor.url" value="http://java.oracle.com/"/>
        <property name="java.vendor.url.bug" value="http://bugreport.sun.com/bugreport/"/>
        <property name="java.version" value="1.7.0_60"/>
        <property name="java.vm.info" value="mixed mode"/>
        <property name="java.vm.name" value="Java HotSpot(TM) 64-Bit Server VM"/>
        <property name="java.vm.specification.name" value="Java Virtual Machine Specification"/>
        <property name="java.vm.specification.vendor" value="Oracle Corporation"/>
        <property name="java.vm.specification.version" value="1.7"/>
        <property name="java.vm.vendor" value="Oracle Corporation"/>
        <property name="java.vm.version" value="24.60-b09"/>
        <property name="line.separator" value="&#10;"/>
        <property name="os.arch" value="amd64"/>
        <property name="os.name" value="Linux"/>
        <property name="os.version" value="3.10.0-327.28.3.el7.x86_64"/>
        <property name="path.separator" value=":"/>
        <property name="sun.arch.data.model" value="64"/>
        <property name="sun.boot.class.path" value="/opt/jdk1.7.0_60/jre/lib/resources.jar:/opt/jdk1.7.0_60/jre/lib/rt.jar:/opt/jdk1.7.0_60/jre/lib/sunrsasign.jar:/opt/jdk1.7.0_60/jre/lib/jsse.jar:/opt/jdk1.7.0_60/jre/lib/jce.jar:/opt/jdk1.7.0_60/jre/lib/charsets.jar:/opt/jdk1.7.0_60/jre/lib/jfr.jar:/opt/jdk1.7.0_60/jre/classes"/>
        <property name="sun.boot.library.path" value="/opt/jdk1.7.0_60/jre/lib/amd64"/>
        <property name="sun.cpu.endian" value="little"/>
        <property name="sun.cpu.isalist" value=""/>
        <property name="sun.io.unicode.encoding" value="UnicodeLittle"/>
        <property name="sun.java.command" value="org.netbeans.modules.java.j2seplatform.wizard.SDKProbe /tmp/nb-platformdetect832355129096073140properties"/>
        <property name="sun.java.launcher" value="SUN_STANDARD"/>
        <property name="sun.jnu.encoding" value="UTF-8"/>
        <property name="sun.management.compiler" value="HotSpot 64-Bit Tiered Compilers"/>
        <property name="sun.os.patch.level" value="unknown"/>
        <property name="user.country" value="US"/>
        <property name="user.dir" value=""/>
        <property name="user.home" value="/home/frederick.bass"/>
        <property name="user.language" value="en"/>
        <property name="user.name" value="frederick.bass"/>
        <property name="user.timezone" value="America/Denver"/>
    </sysproperties>
</platform>
